<?xml version="1.0" encoding="UTF-8"?>
<project xmlns="http://www.netbeans.org/ns/project/1">
    <type>org.netbeans.modules.apisupport.project</type>
    <configuration>
        <data xmlns="http://www.netbeans.org/ns/nb-module-project/3">
            <code-name-base>com.github.javaparser</code-name-base>
            <suite-component/>
            <module-dependencies/>
            <public-packages>
                <package>com.github.javaparser</package>
                <package>com.github.javaparser.ast</package>
                <package>com.github.javaparser.ast.body</package>
                <package>com.github.javaparser.ast.comments</package>
                <package>com.github.javaparser.ast.expr</package>
                <package>com.github.javaparser.ast.internal</package>
                <package>com.github.javaparser.ast.stmt</package>
                <package>com.github.javaparser.ast.type</package>
                <package>com.github.javaparser.ast.visitor</package>
            </public-packages>
        </data>
    </configuration>
</project>
